Member_number,itemDescription
4999,whipped/sour cream
4999,herbs
4999,butter milk
4999,other vegetables
4998,curd
4997,curd
4997,whole milk
4997,canned beer
4992,whole milk
4992,other vegetables
4992,canned beer
4992,specialty bar
4990,baking powder
4990,soda
4990,salty snack
4989,white bread
4988,canned beer
4988,specialty bar
4988,other vegetables
4988,curd
4985,whole milk
4980,meat
4977,whole milk
4971,soda
4971,baking powder
4968,herbs
4968,beef
4966,soda
4966,curd
4965,canned beer
4965,whole milk
4965,ham
4964,whole milk
4963,other vegetables
4963,whole milk
4962,whole milk
4962,condensed milk
4958,instant coffee
4958,oil
4958,other vegetables
4957,whole milk
4955,processed cheese
4955,white bread
4955,other vegetables
4954,soda
4954,whole milk
4951,beef
4951,canned beer
4951,other vegetables
4951,whole milk
4950,other vegetables
4950,instant coffee
4948,curd
4948,other vegetables
4947,frozen potato products
4947,whole milk
4947,soda
4947,rum
4946,roll products
4946,other vegetables
4944,salty snack
4944,meat
4944,other vegetables
4944,white bread
4943,brown bread
4943,soda
4943,other vegetables
4941,ham
4941,soda
4941,canned beer
4941,meat
4941,butter milk
4941,white bread
4941,pasta
4941,salty snack
4941,whole milk
4940,rum
4940,soda
4939,whole milk
4939,soda
4939,other vegetables
4939,brown bread
4939,curd
4939,canned beer
4939,whipped/sour cream
4939,beef
4938,other vegetables
4938,whole milk
4938,brown bread
4938,whipped/sour cream
4938,meat
4936,spread cheese
4935,soda
4934,curd
4934,other vegetables
4934,canned beer
4934,meat
4932,whole milk
4932,soda
4932,brown bread
4926,salty snack
4925,brown bread
4925,whipped/sour cream
4925,ketchup
4924,salty snack
4924,other vegetables
4924,whole milk
4924,beef
4924,cereals
4924,specialty bar
4922,beef
4922,whole milk
4922,other vegetables
4919,salty snack
4919,curd
4918,spices
4916,other vegetables
4916,brown bread
4916,whole milk
4916,canned beer
4915,canned beer
4915,whole milk
4915,other vegetables
4915,processed cheese
4914,whole milk
4914,beef
4913,whipped/sour cream
4913,other vegetables
4913,brown bread
4909,spread cheese
4908,soda
4907,whole milk
4907,whipped/sour cream
4905,other vegetables
4903,whipped/sour cream
4903,curd
4903,salty snack
4902,whole milk
4902,salty snack
4902,other vegetables
4901,other vegetables
4901,pasta
4901,whole milk
4900,whole milk
4899,other vegetables
4896,other vegetables
4896,whipped/sour cream
4892,other vegetables
4892,curd
4892,herbs
4892,spices
4892,soda
4891,soda
4891,specialty bar
4891,curd
4891,whole milk
4890,whole milk
4890,other vegetables
4890,ham
4890,condensed milk
4890,meat
4890,brown bread
4887,soda
4887,herbs
4885,whole milk
4885,whipped/sour cream
4884,other vegetables
4883,ham
4883,other vegetables
4883,whole milk
4882,whipped/sour cream
4879,meat
4879,butter milk
4879,other vegetables
4875,frozen potato products
4875,brown bread
4875,whole milk
4875,roll products
4875,other vegetables
4874,beef
4870,soda
4867,salty snack
4867,whole milk
4867,beef
4865,whipped/sour cream
4865,other vegetables
4863,herbs
4863,curd
4860,soda
4860,specialty bar
4859,soda
4859,curd
4859,whole milk
4859,beef
4859,whipped/sour cream
4859,other vegetables
4857,whole milk
4856,pasta
4856,specialty bar
4851,turkey
4851,spread cheese
4851,whole milk
4851,herbs
4850,other vegetables
4848,canned beer
4847,other vegetables
4847,whole milk
4847,soda
4847,canned beer
4838,brown bread
4838,soda
4836,salty snack
4836,other vegetables
4836,whole milk
4836,curd
4836,ham
4836,whipped/sour cream
4836,soda
4833,whole milk
4830,oil
4830,whole milk
4830,soda
4828,salty snack
4828,canned beer
4828,oil
4828,beef
4828,soda
4828,whole milk
4821,white bread
4821,whole milk
4818,roll products
4818,white bread
4818,other vegetables
4818,canned beer
4816,other vegetables
4813,soda
4811,butter milk
4811,canned beer
4808,meat
4808,whole milk
4808,fish
4805,other vegetables
4805,whole milk
4803,canned beer
4803,whole milk
4803,white bread
4801,whole milk
4801,butter milk
4796,white bread
4796,whole milk
4796,curd
4796,beef
4796,other vegetables
4796,soda
4793,soda
4792,turkey
4789,whole milk
4789,curd
4789,beef
4788,other vegetables
4788,whipped/sour cream
4788,butter milk
4788,beef
4788,whole milk
4788,soda
4787,whole milk
4787,beef
4783,other vegetables
4783,whole milk
4783,curd
4783,whipped/sour cream
4783,rice
4783,beef
4782,whole milk
4782,processed cheese
4782,canned beer
4781,ham
4779,whipped/sour cream
4779,specialty bar
4779,condensed milk
4779,other vegetables
4775,whole milk
4774,whipped/sour cream
4772,whipped/sour cream
4772,curd
4772,soda
4772,whole milk
4771,other vegetables
4771,meat
4770,soda
4770,roll products
4769,processed cheese
4769,butter milk
4769,whipped/sour cream
4769,soda
4769,meat
4765,spread cheese
4765,curd
4765,butter milk
4765,beef
4764,brown bread
4764,soda
4764,vinegar
4764,whipped/sour cream
4762,whole milk
4760,canned beer
4760,salty snack
4760,whole milk
4760,curd
4760,other vegetables
4759,other vegetables
4759,beef
4759,ham
4759,artif. sweetener
4758,spices
4758,white bread
4758,pasta
4755,canned beer
4755,baking powder
4752,meat
4752,whipped/sour cream
4750,whipped/sour cream
4750,brown bread
4748,whole milk
4748,soda
4748,other vegetables
4744,whole milk
4744,brown bread
4744,salty snack
4744,other vegetables
4744,soda
4743,nuts/prunes
4743,whole milk
4743,soda
4743,other vegetables
4742,ham
4742,oil
4742,soda
4742,meat
4741,whole milk
4741,beef
4741,other vegetables
4739,soda
4738,whole milk
4738,other vegetables
4736,curd
4736,beef
4736,soda
4736,other vegetables
4735,curd
4735,whole milk
4735,brown bread
4733,nuts/prunes
4733,other vegetables
4733,beef
4733,soda
4732,soda
4729,whole milk
4727,other vegetables
4727,whole milk
4726,whole milk
4726,other vegetables
4725,white bread
4725,whole milk
4725,butter milk
4725,other vegetables
4725,brown bread
4722,whole milk
4722,other vegetables
4721,other vegetables
4721,rum
4721,spices
4721,processed cheese
4721,specialty bar
4721,canned beer
4719,whole milk
4719,pasta
4719,specialty bar
4719,other vegetables
4718,salty snack
4718,other vegetables
4718,curd
4711,whole milk
4711,other vegetables
4707,soda
4707,whole milk
4706,whole milk
4703,soda
4702,brown bread
4702,whole milk
4702,other vegetables
4701,pasta
4701,whole milk
4701,soda
4699,pasta
4699,whole milk
4699,curd
4699,soda
4693,female sanitary products
4693,whipped/sour cream
4693,whole milk
4693,other vegetables
4693,canned beer
4690,salty snack
4690,condensed milk
4690,whole milk
4686,whipped/sour cream
4686,other vegetables
4686,whole milk
4685,whole milk
4683,whipped/sour cream
4683,specialty bar
4683,soda
4683,oil
4682,other vegetables
4679,beef
4679,whipped/sour cream
4679,other vegetables
4679,salty snack
4677,whole milk
4676,other vegetables
4676,whole milk
4675,other vegetables
4668,other vegetables
4665,soda
4665,whole milk
4664,beef
4659,whole milk
4659,soda
4659,pasta
4657,processed cheese
4657,beef
4657,soda
4657,oil
4657,other vegetables
4656,soda
4656,condensed milk
4656,vinegar
4656,other vegetables
4656,curd
4656,oil
4652,baking powder
4652,other vegetables
4652,butter milk
4650,whole milk
4650,roll products
4650,curd
4650,soda
4648,ham
4648,instant coffee
4648,brown bread
4648,whole milk
4648,whipped/sour cream
4647,soda
4647,meat
4646,other vegetables
4646,whole milk
4645,oil
4645,brown bread
4645,soda
4645,whole milk
4645,other vegetables
4645,baking powder
4645,white bread
4644,brown bread
4644,other vegetables
4643,whole milk
4643,other vegetables
4643,brown bread
4639,butter milk
4635,whole milk
4635,baking powder
4633,soda
4633,brown bread
4633,white bread
4633,ham
4629,whipped/sour cream
4629,whole milk
4628,whole milk
4628,soda
4628,fish
4628,butter milk
4628,salty snack
4628,curd
4628,ham
4627,curd
4627,canned beer
4626,meat
4626,canned beer
4625,whipped/sour cream
4625,white bread
4625,pasta
4622,brown bread
4622,whipped/sour cream
4620,whole milk
4620,other vegetables
4617,brandy
4617,brown bread
4617,whole milk
4616,condensed milk
4616,other vegetables
4616,whole milk
4616,canned beer
4615,whole milk
4615,frozen potato products
4613,brown bread
4612,other vegetables
4610,curd
4610,brown bread
4609,herbs
4609,spices
4609,whole milk
4609,beef
4606,canned beer
4606,whole milk
4604,soda
4604,other vegetables
4600,salty snack
4600,baking powder
4600,beef
4600,whipped/sour cream
4600,whole milk
4598,other vegetables
4598,brown bread
4598,whole milk
4598,curd
4596,soda
4596,whole milk
4595,white bread
4595,salty snack
4593,whipped/sour cream
4593,other vegetables
4592,herbs
4592,oil
4592,whole milk
4592,other vegetables
4585,other vegetables
4585,beef
4585,oil
4585,soda
4585,whipped/sour cream
4585,butter milk
4585,canned beer
4585,whole milk
4585,brown bread
4584,other vegetables
4584,whole milk
4584,beef
4583,other vegetables
4583,canned beer
4583,curd
4582,other vegetables
4574,other vegetables
4574,whole milk
4574,instant coffee
4572,whole milk
4572,roll products
4572,other vegetables
4572,butter milk
4569,cereals
4569,other vegetables
4569,butter milk
4566,canned beer
4566,whipped/sour cream
4566,white bread
4563,baking powder
4563,other vegetables
4563,canned beer
4563,whole milk
4562,soda
4562,female sanitary products
4560,other vegetables
4558,whipped/sour cream
4558,other vegetables
4555,other vegetables
4555,whole milk
4555,brown bread
4555,canned beer
4555,soda
4554,white bread
4554,whole milk
4553,baking powder
4553,salty snack
4553,other vegetables
4553,curd
4550,other vegetables
4550,canned beer
4547,whole milk
4547,white bread
4539,whole milk
4539,other vegetables
4539,spread cheese
4539,brown bread
4538,soda
4538,other vegetables
4537,other vegetables
4537,brown bread
4537,salty snack
4537,whipped/sour cream
4537,ham
4535,whole milk
4535,soda
4532,other vegetables
4528,spread cheese
4528,whole milk
4525,whole milk
4525,beef
4525,other vegetables
4524,whipped/sour cream
4524,spread cheese
4524,other vegetables
4524,spices
4524,whole milk
4524,specialty bar
4524,soda
4524,curd
4523,brown bread
4523,ham
4523,canned beer
4521,frozen potato products
4520,whole milk
4520,brown bread
4515,soda
4515,canned beer
4515,whole milk
4515,curd
4515,beef
4515,white bread
4515,other vegetables
4514,other vegetables
4512,other vegetables
4512,soda
4512,beef
4512,white bread
4511,beef
4511,rice
4511,soda
4510,other vegetables
4510,whole milk
4508,whole milk
4508,soda
4508,white bread
4504,other vegetables
4504,soda
4504,brown bread
4503,whole milk
4503,whipped/sour cream
4502,soda
4502,whole milk
4501,brown bread
4501,processed cheese
4501,butter milk
4501,other vegetables
4501,soda
4500,curd
4500,whole milk
4499,soda
4499,beef
4499,other vegetables
4499,brandy
4499,specialty bar
4496,turkey
4494,white bread
4494,beef
4490,whole milk
4490,processed cheese
4488,other vegetables
4488,soda
4488,curd
4484,whipped/sour cream
4483,whole milk
4483,other vegetables
4481,brown bread
4479,brown bread
4479,soda
4475,butter milk
4475,whole milk
4475,brandy
4475,other vegetables
4474,canned beer
4474,specialty bar
4474,whole milk
4474,brown bread
4474,butter milk
4471,whole milk
4467,meat
4467,white bread
4467,soda
4467,whole milk
4467,other vegetables
4466,soda
4466,whole milk
4466,ham
4464,other vegetables
4464,oil
4464,soda
4461,white bread
4460,meat
4460,canned beer
4458,spread cheese
4458,soda
4458,white bread
4457,cereals
4457,pasta
4454,oil
4452,other vegetables
4449,brown bread
4449,curd
4449,salty snack
4448,herbs
4448,curd
4448,whole milk
4448,other vegetables
4445,whole milk
4445,other vegetables
4445,canned beer
4443,other vegetables
4443,brown bread
4443,whole milk
4441,soda
4441,curd
4440,other vegetables
4440,butter milk
4440,whipped/sour cream
4439,whole milk
4439,turkey
4439,artif. sweetener
4436,other vegetables
4435,salty snack
4435,white bread
4435,canned beer
4434,other vegetables
4434,beef
4434,brown bread
4433,whole milk
4433,other vegetables
4433,curd
4433,tea
4432,female sanitary products
4432,canned beer
4432,whole milk
4432,salty snack
4431,whole milk
4431,soda
4431,brown bread
4431,processed cheese
4431,salty snack
4430,whipped/sour cream
4430,other vegetables
4430,curd
4427,spread cheese
4427,white bread
4427,turkey
4427,soda
4426,whole milk
4426,curd
4426,oil
4424,beef
4424,herbs
4424,ketchup
4422,curd
4420,whole milk
4420,frozen potato products
4418,ham
4418,whipped/sour cream
4418,whole milk
4418,processed cheese
4418,nuts/prunes
4417,canned beer
4417,ham
4415,other vegetables
4415,whipped/sour cream
4411,soda
4411,curd
4411,ham
4411,meat
4409,whole milk
4409,brown bread
4407,soda
4405,soda
4405,whole milk
4405,other vegetables
4402,meat
4400,whole milk
4400,butter milk
4396,beef
4396,roll products
4393,whole milk
4393,herbs
4389,brown bread
4389,whole milk
4389,soda
4388,butter milk
4388,canned beer
4387,soda
4387,whole milk
4387,whipped/sour cream
4387,white bread
4387,canned beer
4387,baking powder
4387,brown bread
4385,meat
4383,whole milk
4383,whipped/sour cream
4380,rice
4378,vinegar
4375,canned beer
4375,female sanitary products
4375,soda
4368,salty snack
4368,whole milk
4365,whole milk
4365,other vegetables
4362,whipped/sour cream
4362,curd
4362,ham
4355,whole milk
4355,canned beer
4353,ham
4353,other vegetables
4353,fish
4348,salty snack
4348,whipped/sour cream
4348,whole milk
4348,white bread
4345,roll products
4345,beef
4342,whole milk
4342,other vegetables
4342,whipped/sour cream
4342,ham
4340,butter milk
4340,other vegetables
4340,soda
4340,whole milk
4339,whole milk
4338,whole milk
4338,ham
4338,other vegetables
4338,rice
4338,salty snack
4338,white bread
4337,specialty bar
4335,whole milk
4335,other vegetables
4335,canned beer
4331,other vegetables
4329,butter milk
4328,beef
4328,curd
4328,pasta
4328,salty snack
4327,jam
4327,soda
4324,butter milk
4324,whole milk
4323,cocoa drinks
4323,brown bread
4323,beef
4323,whole milk
4315,soda
4315,canned beer
4313,soda
4311,roll products
4308,other vegetables
4308,whole milk
4308,salty snack
4308,soda
4308,spread cheese
4308,specialty bar
4306,whole milk
4306,white bread
4306,brown bread
4304,white bread
4304,canned beer
4303,soda
4303,canned beer
4303,specialty bar
4303,white bread
4303,meat
4303,whole milk
4303,instant coffee
4303,other vegetables
4302,specialty bar
4302,instant coffee
4302,salty snack
4302,other vegetables
4301,soda
4301,herbs
4301,other vegetables
4301,whole milk
4301,whipped/sour cream
4300,oil
4299,beef
4299,whole milk
4299,other vegetables
4298,salty snack
4298,whole milk
4296,oil
4296,whole milk
4294,butter milk
4294,other vegetables
4293,ham
4293,soda
4293,other vegetables
4293,fish
4293,whole milk
4293,herbs
4292,frozen potato products
4292,whipped/sour cream
4292,brown bread
4291,soda
4291,whole milk
4287,soda
4287,pasta
4285,whole milk
4285,roll products
4283,other vegetables
4280,soda
4280,butter milk
4280,ham
4280,pasta
4279,butter milk
4278,soda
4275,other vegetables
4275,whole milk
4275,salty snack
4275,canned beer
4273,soda
4273,other vegetables
4273,whole milk
4272,other vegetables
4272,whole milk
4272,soda
4271,whipped/sour cream
4271,pasta
4270,whole milk
4270,brown bread
4269,butter milk
4269,whipped/sour cream
4268,nuts/prunes
4268,white bread
4268,butter milk
4267,whole milk
4267,ham
4267,whipped/sour cream
4267,beef
4267,fish
4266,roll products
4266,salty snack
4266,other vegetables
4266,soda
4266,canned beer
4266,specialty bar
4265,whipped/sour cream
4265,butter milk
4265,other vegetables
4265,soda
4261,whole milk
4261,other vegetables
4259,canned beer
4259,soda
4259,brown bread
4257,other vegetables
4257,herbs
4257,whole milk
4257,beef
4255,whole milk
4255,brown bread
4252,ham
4252,frozen potato products
4252,turkey
4251,ham
4251,whole milk
4251,soda
4247,soda
4246,soda
4246,whole milk
4245,whipped/sour cream
4245,whole milk
4241,soda
4238,cereals
4236,curd
4236,brown bread
4236,canned beer
4236,beef
4235,curd
4235,other vegetables
4235,brown bread
4235,condensed milk
4235,whole milk
4235,beef
4235,oil
4235,soda
4233,soda
4233,whole milk
4233,roll products
4230,brown bread
4230,canned beer
4229,butter milk
4229,other vegetables
4229,soda
4228,brown bread
4228,white bread
4228,other vegetables
4228,whole milk
4228,soda
4219,butter milk
4219,other vegetables
4218,ham
4218,soda
4218,beef
4217,other vegetables
4217,curd
4217,soda
4217,whole milk
4217,brown bread
4216,butter milk
4216,other vegetables
4216,brown bread
4216,whole milk
4212,whipped/sour cream
4212,other vegetables
4211,whipped/sour cream
4211,whole milk
4207,whole milk
4207,curd
4207,other vegetables
4207,white bread
4205,herbs
4205,whipped/sour cream
4205,beef
4204,whole milk
4204,curd
4204,spread cheese
4204,white bread
4204,whipped/sour cream
4202,meat
4202,soda
4202,other vegetables
4202,female sanitary products
4200,salty snack
4199,curd
4199,soda
4199,beef
4199,baking powder
4196,whipped/sour cream
4196,brown bread
4196,whole milk
4196,other vegetables
4193,whole milk
4193,meat
4193,ketchup
4191,whipped/sour cream
4191,spread cheese
4191,white bread
4191,other vegetables
4188,soda
4182,vinegar
4182,whole milk
4182,beef
4182,specialty bar
4182,white bread
4182,other vegetables
4180,other vegetables
4180,white bread
4180,whole milk
4180,brown bread
4180,canned beer
4178,salty snack
4178,baking powder
4178,soda
4178,brown bread
4178,white bread
4177,canned beer
4177,whole milk
4177,beef
4176,whole milk
4176,other vegetables
4175,other vegetables
4174,whole milk
4170,instant coffee
4170,soda
4170,curd
4167,condensed milk
4163,soda
4163,other vegetables
4163,whole milk
4161,meat
4161,whipped/sour cream
4161,whole milk
4157,salty snack
4157,other vegetables
4157,whole milk
4155,soda
4155,herbs
4155,other vegetables
4155,whole milk
4155,beef
4155,curd
4155,salty snack
4155,white bread
4155,oil
4154,soda
4154,white bread
4154,beef
4154,pasta
4150,brown bread
4150,baking powder
4150,whole milk
4149,other vegetables
4149,pasta
4147,whole milk
4147,canned beer
4144,whole milk
4139,soda
4137,oil
4137,curd
4137,soda
4137,salty snack
4137,other vegetables
4137,tea
4135,other vegetables
4135,spices
4135,whole milk
4131,other vegetables
4131,female sanitary products
4127,herbs
4127,whole milk
4127,curd
4127,canned beer
4126,brown bread
4126,other vegetables
4124,cereals
4124,whole milk
4124,soda
4122,meat
4122,whole milk
4121,whole milk
4121,other vegetables
4121,curd
4121,female sanitary products
4121,whipped/sour cream
4120,whole milk
4120,roll products
4119,whole milk
4119,beef
4119,soda
4117,canned beer
4117,whole milk
4117,brown bread
4114,salty snack
4114,canned beer
4113,curd
4113,other vegetables
4112,soda
4112,curd
4112,whipped/sour cream
4112,canned beer
4110,brown bread
4110,soda
4110,nuts/prunes
4110,whole milk
4107,whipped/sour cream
4107,soda
4106,whole milk
4106,condensed milk
4106,other vegetables
4106,baking powder
4105,condensed milk
4105,whipped/sour cream
4105,whole milk
4105,curd
4103,canned beer
4103,baking powder
4103,whole milk
4103,curd
4102,rum
4102,beef
4102,whipped/sour cream
4102,other vegetables
4102,ham
4102,artif. sweetener
4102,oil
4102,soda
4102,fish
4102,whole milk
4101,brown bread
4100,whipped/sour cream
4100,whole milk
4098,soda
4098,whole milk
4098,other vegetables
4094,canned beer
4094,other vegetables
4094,turkey
4094,soda
4093,white bread
4093,herbs
4086,salty snack
4085,canned beer
4085,whipped/sour cream
4084,beef
4084,other vegetables
4084,curd
4082,ham
4082,brandy
4082,whole milk
4081,whole milk
4079,curd
4079,whole milk
4078,soda
4078,beef
4078,canned beer
4078,ham
4077,whole milk
4077,oil
4077,other vegetables
4077,canned beer
4073,butter milk
4073,whipped/sour cream
4071,other vegetables
4071,soda
4070,other vegetables
4070,butter milk
4068,specialty bar
4068,canned beer
4060,other vegetables
4060,canned beer
4058,whole milk
4058,butter milk
4056,soda
4056,herbs
4056,salty snack
4052,whole milk
4050,curd
4050,beef
4050,whole milk
4049,whole milk
4049,curd
4044,other vegetables
4040,whole milk
4040,herbs
4034,specialty bar
4034,whole milk
4033,whipped/sour cream
4033,turkey
4033,white bread
4032,other vegetables
4028,other vegetables
4028,whipped/sour cream
4027,soda
4027,whipped/sour cream
4025,soda
4025,other vegetables
4023,soda
4022,oil
4022,herbs
4022,soda
4022,roll products
4021,other vegetables
4019,herbs
4019,whole milk
4019,rum
4019,meat
4018,soda
4018,whole milk
4018,whipped/sour cream
4018,specialty bar
4017,soda
4016,whole milk
4016,brown bread
4015,whole milk
4015,other vegetables
4015,canned beer
4015,brown bread
4015,curd
4014,soda
4014,other vegetables
4010,other vegetables
4010,brown bread
4009,whole milk
4009,soda
4008,herbs
4008,other vegetables
4008,meat
4007,canned beer
4007,white bread
4006,whipped/sour cream
4006,other vegetables
4006,canned beer
4004,ham
4004,turkey
4004,pasta
4004,soda
4001,soda
3995,soda
3995,brown bread
3995,other vegetables
3993,butter milk
3992,specialty bar
3989,baking powder
3989,meat
3987,other vegetables
3987,whole milk
3987,ham
3985,whole milk
3985,baking powder
3985,whipped/sour cream
3985,canned beer
3982,meat
3982,jam
3982,canned beer
3982,brown bread
3982,soda
3981,spread cheese
3980,soda
3979,ham
3977,butter milk
3977,brown bread
3977,whole milk
3977,oil
3976,other vegetables
3976,pasta
3975,soda
3974,curd
3974,whole milk
3973,other vegetables
3973,curd
3973,turkey
3973,canned beer
3972,rice
3972,soda
3972,baking powder
3972,canned beer
3969,whole milk
3967,whole milk
3967,other vegetables
3967,soda
3967,pasta
3967,specialty bar
3967,whipped/sour cream
3965,white bread
3963,other vegetables
3963,specialty bar
3963,whipped/sour cream
3963,whole milk
3962,whipped/sour cream
3962,white bread
3960,frozen potato products
3960,whole milk
3960,processed cheese
3960,canned beer
3960,baking powder
3960,specialty bar
3960,whipped/sour cream
3960,curd
3959,whipped/sour cream
3959,white bread
3959,instant coffee
3958,brown bread
3958,soda
3958,curd
3957,processed cheese
3957,curd
3957,whole milk
3957,frozen potato products
3957,salty snack
3957,beef
3956,processed cheese
3956,butter milk
3956,soda
3954,beef
3954,canned beer
3954,rice
3949,other vegetables
3948,whole milk
3948,ham
3948,whipped/sour cream
3948,rum
3948,soda
3942,condensed milk
3942,other vegetables
3942,soda
3942,whole milk
3938,other vegetables
3938,white bread
3938,ham
3938,whipped/sour cream
3938,cereals
3938,meat
3938,whole milk
3936,other vegetables
3936,ham
3935,specialty bar
3933,salty snack
3929,spread cheese
3925,turkey
3925,beef
3925,curd
3923,other vegetables
3922,whole milk
3922,soda
3922,beef
3920,soda
3920,brown bread
3920,whole milk
3920,brandy
3918,beef
3918,canned beer
3918,whipped/sour cream
3918,brown bread
3918,salty snack
3916,canned beer
3916,whole milk
3915,whole milk
3915,other vegetables
3915,ham
3915,brown bread
3915,soda
3914,specialty bar
3914,canned beer
3904,whipped/sour cream
3904,curd
3904,beef
3902,ham
3902,whole milk
3902,canned beer
3897,baking powder
3897,brown bread
3897,other vegetables
3897,soda
3897,salty snack
3897,canned beer
3896,spread cheese
3896,soda
3896,salty snack
3894,other vegetables
3894,curd
3893,roll products
3893,salty snack
3893,whole milk
3893,soda
3893,canned beer
3891,brown bread
3884,beef
3883,whole milk
3879,soda
3879,whipped/sour cream
3879,specialty bar
3879,whole milk
3879,brown bread
3879,curd
3871,whole milk
3871,salty snack
3870,processed cheese
3869,white bread
3869,herbs
3869,canned beer
3866,whole milk
3866,cocoa drinks
3862,condensed milk
3862,processed cheese
3862,salty snack
3862,instant coffee
3862,artif. sweetener
3861,whipped/sour cream
3860,whole milk
3858,soda
3855,meat
3855,other vegetables
3855,whole milk
3855,oil
3855,vinegar
3855,curd
3855,specialty bar
3854,whole milk
3854,soda
3852,other vegetables
3849,baking powder
3849,whole milk
3849,female sanitary products
3848,brown bread
3848,whole milk
3847,beef
3847,canned beer
3845,other vegetables
3844,other vegetables
3844,soda
3844,whole milk
3844,curd
3842,white bread
3842,whole milk
3842,other vegetables
3842,beef
3839,pasta
3839,rice
3839,whole milk
3837,ham
3837,other vegetables
3829,soda
3829,beef
3823,whole milk
3821,whole milk
3821,herbs
3821,ham
3821,whipped/sour cream
3821,instant coffee
3821,condensed milk
3821,turkey
3820,soda
3820,butter milk
3818,soda
3818,whole milk
3818,meat
3818,curd
3818,turkey
3818,other vegetables
3816,canned beer
3816,white bread
3813,specialty bar
3813,beef
3813,whole milk
3812,frozen potato products
3812,meat
3812,white bread
3812,whipped/sour cream
3812,whole milk
3812,soda
3812,cereals
3812,beef
3811,canned beer
3811,whole milk
3811,soda
3811,other vegetables
3810,other vegetables
3808,whipped/sour cream
3808,other vegetables
3808,whole milk
3808,curd
3807,canned beer
3802,whipped/sour cream
3799,whipped/sour cream
3797,other vegetables
3797,whole milk
3797,processed cheese
3794,other vegetables
3794,meat
3794,soda
3790,whole milk
3790,brown bread
3789,whole milk
3789,brandy
3789,soda
3789,salty snack
3788,soda
3787,salty snack
3787,pasta
3787,white bread
3787,whipped/sour cream
3786,baking powder
3786,brown bread
3786,curd
3785,other vegetables
3784,spread cheese
3784,whipped/sour cream
3784,herbs
3784,soda
3778,soda
3778,whole milk
3778,meat
3775,whipped/sour cream
3775,whole milk
3775,brown bread
3775,soda
3772,whole milk
3772,meat
3770,curd
3768,soda
3768,beef
3768,brown bread
3768,ham
3768,whole milk
3768,curd
3767,white bread
3767,meat
3767,pasta
3766,nuts/prunes
3763,ham
3763,whole milk
3763,beef
3763,canned beer
3758,whole milk
3758,whipped/sour cream
3756,other vegetables
3756,canned beer
3756,soda
3756,whole milk
3755,whole milk
3755,butter milk
3755,beef
3748,butter milk
3748,spread cheese
3748,canned beer
3748,brown bread
3745,specialty bar
3745,other vegetables
3745,soda
3744,canned beer
3744,processed cheese
3744,whole milk
3743,canned beer
3743,curd
3743,soda
3743,whole milk
3743,brown bread
3742,soda
3739,whole milk
3739,salty snack
3739,soda
3735,soda
3735,whole milk
3733,white bread
3732,oil
3732,ham
3732,other vegetables
3732,salty snack
3732,whole milk
3732,nuts/prunes
3730,other vegetables
3728,white bread
3728,other vegetables
3728,specialty bar
3728,whipped/sour cream
3728,canned beer
3728,frozen potato products
3727,curd
3727,whole milk
3727,soda
3724,curd
3724,frozen potato products
3724,meat
3719,brown bread
3719,canned beer
3719,whole milk
3719,butter milk
3719,meat
3719,condensed milk
3719,other vegetables
3719,soda
3717,soda
3711,whole milk
3709,other vegetables
3709,herbs
3707,herbs
3706,frozen potato products
3697,brown bread
3697,spread cheese
3697,whole milk
3697,other vegetables
3696,roll products
3695,soda
3694,other vegetables
3694,whole milk
3691,canned beer
3691,soda
3691,baking powder
3691,brown bread
3690,spread cheese
3690,other vegetables
3688,whole milk
3688,rice
3688,whipped/sour cream
3688,brandy
3688,soda
3687,soda
3687,white bread
3687,other vegetables
3687,whole milk
3687,whipped/sour cream
3687,herbs
3685,soda
3685,curd
3685,female sanitary products
3684,whole milk
3684,ham
3684,other vegetables
3683,other vegetables
3683,canned beer
3683,curd
3683,specialty bar
3682,oil
3682,whole milk
3682,canned beer
3682,other vegetables
3682,soda
3682,processed cheese
3680,butter milk
3680,curd
3680,whole milk
3680,soda
3675,butter milk
3675,whole milk
3675,meat
3675,salty snack
3674,other vegetables
3674,canned beer
3673,butter milk
3673,other vegetables
3673,specialty bar
3671,oil
3671,brown bread
3671,whole milk
3670,butter milk
3669,processed cheese
3669,white bread
3668,whole milk
3668,brandy
3667,whole milk
3667,soda
3667,cereals
3665,soda
3665,butter milk
3663,roll products
3663,whole milk
3663,white bread
3662,whole milk
3662,other vegetables
3661,other vegetables
3661,whole milk
3657,whole milk
3657,ham
3657,meat
3657,processed cheese
3657,curd
3657,soda
3657,white bread
3657,female sanitary products
3656,whole milk
3656,beef
3656,other vegetables
3656,canned beer
3651,brown bread
3651,oil
3651,meat
3651,whole milk
3651,spread cheese
3651,other vegetables
3651,butter milk
3647,other vegetables
3647,whole milk
3643,soda
3643,whipped/sour cream
3642,soda
3642,other vegetables
3641,white bread
3640,whole milk
3639,whipped/sour cream
3636,soda
3636,brown bread
3636,whole milk
3632,oil
3629,other vegetables
3627,brandy
3627,whole milk
3623,beef
3623,salty snack
3623,brown bread
3620,soda
3620,whole milk
3620,whipped/sour cream
3619,curd
3619,soda
3618,brown bread
3618,beef
3617,brown bread
3617,beef
3617,other vegetables
3617,oil
3616,salty snack
3616,curd
3616,soda
3615,spread cheese
3615,whole milk
3615,herbs
3615,brown bread
3611,curd
3611,whipped/sour cream
3610,whole milk
3610,other vegetables
3609,specialty bar
3609,meat
3609,vinegar
3609,soda
3606,other vegetables
3606,whipped/sour cream
3605,soda
3603,brown bread
3603,other vegetables
3603,whole milk
3603,beef
3603,white bread
3603,curd
3602,whole milk
3599,turkey
3599,whipped/sour cream
3599,other vegetables
3599,meat
3599,white bread
3598,other vegetables
3598,whipped/sour cream
3593,canned beer
3593,instant coffee
3593,whole milk
3593,ham
3593,other vegetables
3591,whole milk
3589,curd
3589,other vegetables
3589,whole milk
3585,other vegetables
3585,ham
3584,white bread
3584,soda
3584,other vegetables
3584,whipped/sour cream
3584,whole milk
3584,curd
3584,meat
3580,whole milk
3580,canned beer
3577,meat
3577,whipped/sour cream
3577,white bread
3576,herbs
3565,curd
3564,brown bread
3562,canned beer
3562,whole milk
3562,salty snack
3562,soda
3562,ham
3559,other vegetables
3559,spread cheese
3559,soda
3559,whole milk
3558,other vegetables
3558,brown bread
3558,salty snack
3558,ham
3558,whole milk
3558,soda
3558,whipped/sour cream
3556,butter milk
3556,curd
3556,brown bread
3556,whipped/sour cream
3555,curd
3554,beef
3554,salty snack
3554,meat
3554,artif. sweetener
3554,white bread
3553,other vegetables
3553,ham
3549,salty snack
3549,other vegetables
3549,canned beer
3549,beef
3549,brown bread
3549,instant coffee
3549,whole milk
3546,other vegetables
3546,whole milk
3544,whole milk
3544,canned beer
3542,whole milk
3542,other vegetables
3542,beef
3540,whole milk
3540,salty snack
3538,other vegetables
3536,whole milk
3536,oil
3535,whole milk
3535,beef
3535,soda
3531,herbs
3531,canned beer
3531,whole milk
3531,brown bread
3531,spread cheese
3531,white bread
3530,soda
3528,salty snack
3528,soda
3528,whole milk
3523,salty snack
3523,whole milk
3523,brown bread
3523,other vegetables
3521,butter milk
3521,soda
3521,whole milk
3521,other vegetables
3520,ketchup
3520,canned beer
3520,whole milk
3520,other vegetables
3519,soda
3519,specialty bar
3519,other vegetables
3519,whole milk
3518,beef
3518,ham
3518,spread cheese
3518,brown bread
3518,whole milk
3518,other vegetables
3517,curd
3517,spread cheese
3517,specialty bar
3517,whole milk
3517,other vegetables
3517,brown bread
3517,meat
3516,whipped/sour cream
3515,brown bread
3515,canned beer
3512,other vegetables
3512,butter milk
3509,soda
3509,beef
3509,oil
3507,soda
3507,other vegetables
3507,whole milk
3505,soda
3505,other vegetables
3505,brown bread
3505,ketchup
3505,white bread
3504,whipped/sour cream
3504,soda
3504,processed cheese
3504,spread cheese
3504,other vegetables
3503,canned beer
3502,other vegetables
3502,soda
3502,whole milk
3502,artif. sweetener
3502,salty snack
3501,whipped/sour cream
3500,specialty bar
3500,meat
3500,canned beer
3500,soda
3500,whole milk
3500,brown bread
3500,other vegetables
3499,whole milk
3499,curd
3499,other vegetables
3499,soda
3499,canned beer
3495,beef
3495,whole milk
3495,oil
3495,canned beer
3493,canned beer
3493,soda
3493,beef
3491,whole milk
3491,female sanitary products
3491,specialty bar
3491,ham
3486,canned beer
3486,whole milk
3486,whipped/sour cream
3486,spread cheese
3484,beef
3484,brandy
3484,whole milk
3484,canned beer
3484,white bread
3484,salty snack
3484,specialty bar
3484,herbs
3481,soda
3481,whole milk
3481,beef
3481,curd
3481,other vegetables
3478,canned beer
3475,whole milk
3475,other vegetables
3475,herbs
3475,brown bread
3474,roll products
3474,other vegetables
3474,soda
3474,frozen potato products
3474,curd
3472,other vegetables
3472,whipped/sour cream
3472,whole milk
3471,vinegar
3471,meat
3470,pasta
3470,soda
3468,vinegar
3468,canned beer
3468,salty snack
3468,whipped/sour cream
3467,beef
3467,soda
3464,brown bread
3461,white bread
3461,soda
3457,whole milk
3455,other vegetables
3455,canned beer
3453,soda
3452,meat
3452,other vegetables
3452,white bread
3452,canned beer
3449,whole milk
3449,white bread
3449,brown bread
3449,soda
3447,white bread
3447,soda
3447,whole milk
3445,soda
3443,curd
3442,butter milk
3442,brandy
3442,beef
3440,brown bread
3437,soda
3437,butter milk
3437,beef
3429,whipped/sour cream
3429,curd
3429,other vegetables
3429,soda
3428,other vegetables
3428,curd
3428,brown bread
3428,butter milk
3427,meat
3427,curd
3427,other vegetables
3427,soda
3424,canned beer
3424,whole milk
3424,other vegetables
3424,butter milk
3419,curd
3416,other vegetables
3416,butter milk
3416,canned beer
3416,turkey
3416,rice
3415,curd
3415,whole milk
3415,other vegetables
3414,whole milk
3414,brown bread
3414,curd
3414,whipped/sour cream
3414,other vegetables
3411,roll products
3411,other vegetables
3411,whole milk
3410,ham
3410,curd
3410,spread cheese
3410,whole milk
3410,other vegetables
3407,curd
3407,canned beer
3406,whole milk
3405,brown bread
3405,other vegetables
3405,beef
3405,whole milk
3404,whole milk
3404,pasta
3404,butter milk
3403,curd
3403,brown bread
3403,canned beer
3403,baking powder
3401,other vegetables
3401,condensed milk
3397,whipped/sour cream
3397,curd
3397,white bread
3393,frozen potato products
3393,white bread
3393,whole milk
3393,condensed milk
3390,soda
3390,canned beer
3390,whole milk
3389,whole milk
3389,other vegetables
3389,butter milk
3389,beef
3384,soda
3383,soda
3383,other vegetables
3382,processed cheese
3380,other vegetables
3380,soda
3380,turkey
3380,pasta
3380,herbs
3379,whipped/sour cream
3379,roll products
3379,oil
3379,butter milk
3376,other vegetables
3376,soda
3374,white bread
3374,brandy
3373,brown bread
3373,other vegetables
3365,whole milk
3365,meat
3365,canned beer
3365,butter milk
3365,soda
3365,other vegetables
3364,specialty bar
3364,other vegetables
3364,oil
3364,herbs
3364,beef
3363,salty snack
3363,herbs
3363,other vegetables
3363,baking powder
3363,canned beer
3362,soda
3361,specialty bar
3361,other vegetables
3361,baking powder
3361,butter milk
3361,soda
3361,beef
3361,oil
3358,soda
3358,whipped/sour cream
3358,ham
3358,whole milk
3358,other vegetables
3356,beef
3356,other vegetables
3356,meat
3356,whole milk
3356,canned beer
3356,processed cheese
3356,soda
3355,brown bread
3355,other vegetables
3349,other vegetables
3349,curd
3349,herbs
3349,whole milk
3347,whole milk
3347,other vegetables
3347,soda
3347,canned beer
3347,beef
3347,whipped/sour cream
3345,soda
3345,whole milk
3343,butter milk
3343,specialty bar
3343,whole milk
3343,salty snack
3342,brandy
3339,butter milk
3339,whole milk
3339,meat
3339,canned beer
3332,oil
3329,whole milk
3329,white bread
3329,brown bread
3327,frozen potato products
3327,brown bread
3327,beef
3327,other vegetables
3327,soda
3326,whole milk
3324,frozen potato products
3324,whole milk
3324,other vegetables
3324,spices
3320,brandy
3320,processed cheese
3320,whipped/sour cream
3319,oil
3319,salty snack
3319,soda
3317,soda
3315,canned beer
3315,whole milk
3310,canned beer
3310,soda
3310,white bread
3309,beef
3309,brown bread
3309,white bread
3309,whole milk
3309,other vegetables
3309,salty snack
3308,tea
3308,soda
3308,processed cheese
3308,condensed milk
3308,other vegetables
3308,brown bread
3308,spices
3308,whole milk
3305,whole milk
3305,soda
3304,whipped/sour cream
3304,soda
3304,white bread
3304,other vegetables
3301,soda
3299,ham
3299,beef
3298,whole milk
3298,canned beer
3298,herbs
3298,roll products
3294,other vegetables
3294,whipped/sour cream
3294,beef
3293,vinegar
3293,soda
3293,nuts/prunes
3292,whole milk
3292,beef
3291,butter milk
3290,soda
3288,other vegetables
3288,brown bread
3288,whole milk
3288,frozen chicken
3283,soda
3283,whole milk
3277,other vegetables
3277,whole milk
3277,beef
3270,whole milk
3269,whole milk
3269,whipped/sour cream
3268,canned beer
3268,whole milk
3268,white bread
3267,brown bread
3267,other vegetables
3267,herbs
3267,soda
3266,other vegetables
3266,canned beer
3266,salty snack
3266,soda
3266,brown bread
3264,spread cheese
3264,white bread
3264,whipped/sour cream
3264,whole milk
3264,brown bread
3263,soda
3263,pasta
3262,other vegetables
3262,whole milk
3262,soda
3260,ham
3260,whole milk
3260,meat
3258,curd
3258,rum
3258,other vegetables
3257,whole milk
3257,other vegetables
3257,soda
3257,meat
3256,canned beer
3256,white bread
3256,soda
3253,whole milk
3253,whipped/sour cream
3252,brown bread
3252,whole milk
3252,other vegetables
3251,other vegetables
3251,whole milk
3251,soda
3251,beef
3250,soda
3250,whole milk
3249,ham
3247,rice
3247,other vegetables
3247,spread cheese
3247,canned beer
3247,whole milk
3246,canned beer
3246,beef
3246,soda
3246,whole milk
3245,whole milk
3245,other vegetables
3245,soda
3245,curd
3245,beef
3243,whole milk
3241,brown bread
3241,whole milk
3241,ham
3236,whipped/sour cream
3236,brown bread
3236,condensed milk
3236,herbs
3235,whole milk
3232,whole milk
3232,whipped/sour cream
3232,soda
3232,other vegetables
3231,cocoa drinks
3228,other vegetables
3228,whipped/sour cream
3228,butter milk
3222,other vegetables
3222,whole milk
3220,salty snack
3220,canned beer
3220,soda
3220,other vegetables
3218,cereals
3216,whole milk
3216,other vegetables
3215,curd
3215,canned beer
3215,whipped/sour cream
3212,ham
3212,soda
3212,whole milk
3211,whole milk
3210,herbs
3210,whole milk
3209,salty snack
3209,other vegetables
3209,canned beer
3209,meat
3208,whole milk
3205,soda
3205,other vegetables
3205,whipped/sour cream
3204,oil
3204,curd
3202,ham
3202,soda
3201,soda
3201,whole milk
3201,pasta
3201,artif. sweetener
3201,curd
3198,white bread
3196,whole milk
3196,soda
3193,whipped/sour cream
3193,oil
3193,salty snack
3193,whole milk
3193,other vegetables
3186,other vegetables
3186,oil
3186,ham
3186,curd
3185,oil
3185,specialty bar
3184,whole milk
3183,soda
3183,brown bread
3182,curd
3182,beef
3182,soda
3182,processed cheese
3182,whole milk
3182,rice
3181,salty snack
3181,herbs
3181,butter milk
3180,other vegetables
3180,condensed milk
3180,whole milk
3180,curd
3180,ham
3180,baking powder
3180,canned beer
3178,other vegetables
3178,whole milk
3174,brown bread
3174,butter milk
3173,whipped/sour cream
3171,other vegetables
3168,soda
3168,butter milk
3168,brown bread
3168,other vegetables
3166,specialty bar
3166,other vegetables
3166,whole milk
3165,whole milk
3165,herbs
3165,butter milk
3165,other vegetables
3162,soda
3159,white bread
3159,other vegetables
3159,whole milk
3154,other vegetables
3153,canned beer
3153,other vegetables
3153,whipped/sour cream
3153,baking powder
3153,brown bread
3152,whole milk
3152,processed cheese
3149,whipped/sour cream
3148,ham
3146,other vegetables
3145,other vegetables
3145,beef
3145,whole milk
3144,other vegetables
3144,curd
3143,whipped/sour cream
3141,brown bread
3141,whole milk
3141,salty snack
3141,other vegetables
3141,ketchup
3141,soda
3140,pasta
3140,whole milk
3140,salty snack
3138,curd
3138,salty snack
3138,other vegetables
3138,brown bread
3137,spread cheese
3137,soda
3137,beef
3137,other vegetables
3137,whipped/sour cream
3137,whole milk
3132,soda
3126,whole milk
3123,whole milk
3123,soda
3120,whipped/sour cream
3120,white bread
3120,other vegetables
3120,meat
3120,beef
3120,whole milk
3118,whole milk
3118,other vegetables
3118,soda
3118,salty snack
3115,whole milk
3115,other vegetables
3115,brown bread
3115,white bread
3111,white bread
3111,other vegetables
3111,whole milk
3111,soda
3111,oil
3110,herbs
3110,frozen potato products
3110,cereals
3110,processed cheese
3109,soda
3109,other vegetables
3109,canned beer
3109,specialty bar
3109,brown bread
3108,whole milk
3106,nuts/prunes
3106,ham
3106,whole milk
3101,brown bread
3101,meat
3101,soda
3089,soda
3089,butter milk
3086,brown bread
3086,whole milk
3084,whole milk
3084,other vegetables
3084,canned beer
3083,brown bread
3083,whole milk
3081,brown bread
3081,soda
3078,other vegetables
3078,oil
3076,butter milk
3076,soda
3072,other vegetables
3072,instant coffee
3072,ham
3072,spread cheese
3072,beef
3072,specialty bar
3072,whole milk
3069,whole milk
3069,canned beer
3067,butter milk
3067,whipped/sour cream
3067,frozen potato products
3067,meat
3066,other vegetables
3066,specialty bar
3066,soda
3065,whole milk
3064,other vegetables
3062,baking powder
3062,whole milk
3062,beef
3062,soda
3059,meat
3059,salty snack
3059,spread cheese
3057,instant coffee
3057,soda
3055,soda
3055,other vegetables
3051,other vegetables
3051,ham
3051,whole milk
3051,salty snack
3051,canned beer
3050,whole milk
3050,beef
3050,other vegetables
3050,roll products
3050,soda
3050,white bread
3045,whole milk
3045,other vegetables
3045,turkey
3043,beef
3043,soda
3041,other vegetables
3041,butter milk
3041,whipped/sour cream
3041,baking powder
3035,curd
3035,whole milk
3035,baking powder
3034,other vegetables
3034,whipped/sour cream
3034,condensed milk
3034,beef
3031,whole milk
3031,other vegetables
3031,whipped/sour cream
3031,brown bread
3031,specialty bar
3031,beef
3031,soda
3030,curd
3030,other vegetables
3030,whole milk
3029,butter milk
3029,vinegar
3029,other vegetables
3018,canned beer
3018,soda
3017,whole milk
3017,curd
3012,whole milk
3012,nuts/prunes
3012,brown bread
3011,whipped/sour cream
3011,other vegetables
3011,salty snack
3009,brown bread
3009,canned beer
3008,other vegetables
3006,other vegetables
3006,brown bread
3005,brown bread
3003,processed cheese
3003,whole milk
3001,whole milk
2999,beef
2999,whole milk
2999,canned beer
2999,butter milk
2999,white bread
2998,canned beer
2998,salty snack
2997,soda
2997,brown bread
2997,other vegetables
2997,canned beer
2997,whole milk
2997,fish
2994,curd
2994,whole milk
2991,butter milk
2991,soda
2991,whole milk
2989,beef
2989,whole milk
2989,herbs
2989,soda
2986,other vegetables
2986,whipped/sour cream
2986,whole milk
2986,soda
2984,canned beer
2984,soda
2984,whole milk
2983,soda
2981,whole milk
2981,canned beer
2980,other vegetables
2980,butter milk
2980,whole milk
2979,whole milk
2979,rum
2975,canned beer
2975,other vegetables
2975,pasta
2971,cocoa drinks
2968,soda
2967,canned beer
2967,whole milk
2967,oil
2966,other vegetables
2966,whole milk
2965,white bread
2965,salty snack
2964,oil
2964,curd
2964,whole milk
2961,oil
2961,spread cheese
2961,frozen potato products
2961,soda
2961,white bread
2961,canned beer
2957,artif. sweetener
2957,other vegetables
2954,brown bread
2954,soda
2952,whipped/sour cream
2952,canned beer
2952,butter milk
2952,whole milk
2951,curd
2951,soda
2951,whole milk
2948,other vegetables
2948,whole milk
2947,ham
2946,whipped/sour cream
2946,white bread
2946,soda
2946,pasta
2944,beef
2944,processed cheese
2943,canned beer
2943,cocoa drinks
2943,whole milk
2937,whole milk
2937,white bread
2937,other vegetables
2937,brown bread
2934,whipped/sour cream
2934,whole milk
2934,butter milk
2930,soda
2930,whole milk
2930,curd
2930,oil
2930,other vegetables
2928,beef
2928,brown bread
2927,jam
2925,other vegetables
2925,oil
2925,female sanitary products
2925,herbs
2923,specialty bar
2921,other vegetables
2916,salty snack
2916,other vegetables
2916,whole milk
2915,beef
2912,whole milk
2912,beef
2912,soda
2912,salty snack
2910,soda
2910,canned beer
2910,other vegetables
2910,processed cheese
2910,spread cheese
2910,turkey
2910,whole milk
2909,whole milk
2909,female sanitary products
2907,frozen potato products
2907,processed cheese
2907,ham
2907,whole milk
2907,whipped/sour cream
2906,brown bread
2906,whole milk
2903,other vegetables
2903,oil
2903,soda
2902,whole milk
2902,other vegetables
2901,other vegetables
2901,processed cheese
2901,whipped/sour cream
2901,curd
2898,soda
2898,pasta
2897,whole milk
2897,curd
2892,soda
2891,white bread
2888,brown bread
2888,soda
2888,other vegetables
2886,curd
2885,spices
2885,whole milk
2883,whipped/sour cream
2883,oil
2883,meat
2882,other vegetables
2879,herbs
2879,whole milk
2879,whipped/sour cream
2879,spread cheese
2879,artif. sweetener
2876,other vegetables
2876,whole milk
2874,soda
2874,other vegetables
2874,whole milk
2871,whole milk
2871,roll products
2869,brown bread
2869,whole milk
2869,curd
2869,beef
2863,whipped/sour cream
2861,whole milk
2861,meat
2855,soda
2855,herbs
2855,other vegetables
2855,canned beer
2855,rice
2855,processed cheese
2855,whole milk
2854,whole milk
2854,other vegetables
2851,canned beer
2851,other vegetables
2851,herbs
2851,whipped/sour cream
2851,whole milk
2851,white bread
2851,curd
2851,spread cheese
2851,brown bread
2850,whole milk
2850,beef
2849,herbs
2849,brown bread
2847,whipped/sour cream
2847,spices
2847,white bread
2847,processed cheese
2847,ham
2847,canned beer
2846,instant coffee
2846,whipped/sour cream
2846,other vegetables
2839,beef
2839,whole milk
2839,soda
2838,vinegar
2836,whole milk
2836,meat
2836,butter milk
2834,beef
2834,other vegetables
2834,soda
2832,whole milk
2832,other vegetables
2832,curd
2831,soda
2829,beef
2829,soda
2827,beef
2827,whipped/sour cream
2827,whole milk
2826,other vegetables
2825,frozen potato products
2825,whole milk
2825,soda
2820,soda
2818,whole milk
2817,soda
2817,baking powder
2817,brandy
2816,whole milk
2816,salty snack
2816,other vegetables
2816,canned beer
2814,whole milk
2814,specialty bar
2813,female sanitary products
2813,whole milk
2813,other vegetables
2813,soda
2806,whipped/sour cream
2806,brown bread
2806,canned beer
2806,curd
2805,canned beer
2805,curd
2803,butter milk
2803,canned beer
2803,oil
2803,curd
2802,canned beer
2802,whole milk
2802,condensed milk
2800,other vegetables
2800,soda
2800,brown bread
2794,whole milk
2794,brandy
2794,curd
2794,canned beer
2794,whipped/sour cream
2794,ham
2792,canned beer
2792,whole milk
2792,condensed milk
2792,brown bread
2790,other vegetables
2790,cereals
2786,soda
2786,brown bread
2786,other vegetables
2785,beef
2785,whole milk
2780,other vegetables
2780,herbs
2780,whole milk
2778,other vegetables
2778,soda
2777,herbs
2777,whole milk
2777,soda
2774,soda
2774,other vegetables
2774,whole milk
2773,female sanitary products
2770,soda
2769,beef
2769,roll products
2769,canned beer
2768,baking powder
2768,meat
2764,other vegetables
2764,curd
2764,whipped/sour cream
2763,canned beer
2763,whipped/sour cream
2762,whole milk
2762,beef
2762,specialty bar
2761,other vegetables
2761,whipped/sour cream
2761,brown bread
2761,rice
2756,processed cheese
2756,curd
2755,whole milk
2755,salty snack
2755,soda
2755,other vegetables
2755,beef
2753,whole milk
2753,nuts/prunes
2753,whipped/sour cream
2751,soda
2751,brown bread
2751,female sanitary products
2750,whole milk
2750,other vegetables
2748,processed cheese
2745,butter milk
2745,other vegetables
2745,oil
2745,vinegar
2745,meat
2742,spread cheese
2742,other vegetables
2740,whipped/sour cream
2740,meat
2740,specialty bar
2740,curd
2738,whole milk
2738,other vegetables
2738,beef
2738,brown bread
2738,canned beer
2737,other vegetables
2736,butter milk
2736,processed cheese
2736,whole milk
2736,meat
2736,turkey
2736,beef
2736,curd
2736,soda
2735,other vegetables
2732,soda
2732,salty snack
2732,vinegar
2732,brown bread
2732,other vegetables
2731,whole milk
2729,other vegetables
2729,beef
2729,spices
2729,whole milk
2728,beef
2728,whole milk
2728,butter milk
2726,butter milk
2726,canned beer
2720,turkey
2719,other vegetables
2719,whole milk
2719,soda
2716,soda
2716,curd
2716,beef
2713,other vegetables
2713,ketchup
2713,canned beer
2709,curd
2709,whole milk
2709,other vegetables
2708,artif. sweetener
2708,soda
2708,instant coffee
2707,whole milk
2707,meat
2707,brown bread
2707,specialty bar
2706,whipped/sour cream
2706,soda
2706,specialty bar
2706,ham
2706,whole milk
2706,other vegetables
2706,oil
2705,meat
2705,whole milk
2702,whipped/sour cream
2702,other vegetables
2702,brown bread
2701,spread cheese
2701,soda
2701,ham
2701,salty snack
2701,whole milk
2699,other vegetables
2699,whipped/sour cream
2699,soda
2699,nuts/prunes
2699,whole milk
2698,other vegetables
2698,whole milk
2698,beef
2695,whole milk
2692,beef
2692,soda
2692,butter milk
2691,other vegetables
2691,beef
2689,curd
2689,brown bread
2689,whole milk
2689,nuts/prunes
2687,instant coffee
2687,curd
2687,spices
2686,soda
2686,whole milk
2685,soda
2685,whole milk
2685,other vegetables
2683,soda
2682,canned beer
2682,other vegetables
2682,soda
2682,herbs
2682,whole milk
2681,soda
2681,beef
2676,baking powder
2676,whipped/sour cream
2676,soda
2676,other vegetables
2676,canned beer
2675,canned beer
2672,ham
2672,soda
2670,whole milk
2670,brown bread
2668,whole milk
2668,other vegetables
2666,soda
2666,whole milk
2666,meat
2664,pasta
2663,other vegetables
2663,canned beer
2663,rum
2663,whole milk
2663,whipped/sour cream
2663,ham
2662,soda
2662,artif. sweetener
2661,other vegetables
2661,soda
2661,whole milk
2660,whole milk
2659,other vegetables
2659,tea
2659,brown bread
2656,beef
2654,whole milk
2654,pasta
2654,other vegetables
2654,soda
2654,curd
2652,whole milk
2652,soda
2652,ham
2649,baking powder
2649,whole milk
2646,soda
2643,whole milk
2643,spread cheese
2641,whole milk
2641,soda
2641,frozen potato products
2641,brown bread
2641,oil
2641,other vegetables
2638,turkey
2636,whole milk
2635,specialty bar
2635,whole milk
2633,whole milk
2633,other vegetables
2633,brown bread
2633,frozen potato products
2632,whole milk
2632,other vegetables
2632,beef
2632,meat
2632,whipped/sour cream
2630,soda
2630,processed cheese
2625,brown bread
2625,whole milk
2625,curd
2625,other vegetables
2625,specialty bar
2625,baking powder
2624,whipped/sour cream
2623,fish
2623,canned beer
2623,processed cheese
2623,brown bread
2623,whole milk
2618,artif. sweetener
2618,whipped/sour cream
2618,soda
2618,salty snack
2617,ham
2617,soda
2617,whole milk
2617,other vegetables
2616,soda
2616,whole milk
2614,whole milk
2612,white bread
2612,soda
2612,specialty bar
2611,roll products
2608,pasta
2608,whole milk
2608,other vegetables
2606,whole milk
2605,ketchup
2605,other vegetables
2605,white bread
2604,white bread
2604,butter milk
2604,other vegetables
2604,whipped/sour cream
2604,whole milk
2602,whole milk
2600,other vegetables
2600,whole milk
2600,female sanitary products
2600,frozen potato products
2600,curd
2598,brandy
2598,soda
2595,curd
2595,rum
2595,brown bread
2595,herbs
2595,whole milk
2592,canned beer
2592,curd
2592,soda
2591,soda
2590,whole milk
2590,soda
2590,whipped/sour cream
2584,curd
2584,whole milk
2584,other vegetables
2584,soda
2581,curd
2581,soda
2581,specialty bar
2581,canned beer
2581,meat
2580,whipped/sour cream
2580,beef
2580,other vegetables
2579,whole milk
2578,whole milk
2578,canned beer
2578,curd
2578,brown bread
2578,other vegetables
2577,other vegetables
2576,meat
2575,beef
2574,curd
2574,jam
2574,turkey
2574,salty snack
2574,other vegetables
2574,meat
2574,canned beer
2570,other vegetables
2570,oil
2570,frozen potato products
2570,soda
2570,roll products
2565,jam
2565,butter milk
2564,curd
2562,oil
2562,other vegetables
2562,whole milk
2557,white bread
2556,other vegetables
2556,beef
2556,soda
2556,specialty bar
2555,whipped/sour cream
2555,beef
2555,brown bread
2555,curd
2555,processed cheese
2555,whole milk
2552,female sanitary products
2552,other vegetables
2552,whole milk
2551,curd
2551,other vegetables
2551,beef
2549,ham
2549,beef
2549,soda
2549,other vegetables
2549,jam
2547,other vegetables
2547,soda
2547,processed cheese
2546,fish
2545,other vegetables
2545,herbs
2545,processed cheese
2545,whole milk
2544,processed cheese
2544,soda
2544,frozen potato products
2544,instant coffee
2544,vinegar
2543,brown bread
2543,whipped/sour cream
2543,soda
2540,artif. sweetener
2540,whole milk
2540,soda
2540,instant coffee
2540,canned beer
2538,other vegetables
2538,whipped/sour cream
2535,other vegetables
2535,whole milk
2535,canned beer
2527,rice
2527,canned beer
2527,meat
2527,whole milk
2526,other vegetables
2525,soda
2525,turkey
2525,baking powder
2525,whole milk
2525,other vegetables
2525,canned beer
2525,beef
2524,whole milk
2524,herbs
2524,other vegetables
2524,beef
2524,whipped/sour cream
2524,curd
2524,tea
2521,whole milk
2521,roll products
2520,soda
2520,other vegetables
2520,whipped/sour cream
2513,canned beer
2511,soda
2511,other vegetables
2511,artif. sweetener
2511,whole milk
2511,turkey
2511,cocoa drinks
2510,soda
2510,whole milk
2509,other vegetables
2509,ham
2507,canned beer
2507,brown bread
2507,soda
2505,whipped/sour cream
2505,whole milk
2505,processed cheese
2497,whole milk
2496,soda
2492,canned beer
2492,other vegetables
2492,whole milk
2492,beef
2492,soda
2492,butter milk
2492,ham
2492,instant coffee
2490,white bread
2489,whole milk
2489,herbs
2489,whipped/sour cream
2488,processed cheese
2488,turkey
2488,other vegetables
2485,other vegetables
2483,whipped/sour cream
2483,herbs
2483,specialty bar
2483,canned beer
2480,whole milk
2480,soda
2480,salty snack
2480,other vegetables
2478,soda
2476,canned beer
2476,butter milk
2476,ketchup
2476,whole milk
2473,meat
2473,white bread
2473,other vegetables
2473,whole milk
2472,herbs
2472,whole milk
2472,processed cheese
2472,white bread
2472,other vegetables
2471,meat
2471,other vegetables
2470,canned beer
2470,whole milk
2470,oil
2470,white bread
2469,pasta
2469,whole milk
2469,other vegetables
2466,other vegetables
2466,whole milk
2466,beef
2461,whole milk
2457,soda
2457,other vegetables
2457,brown bread
2452,butter milk
2452,processed cheese
2452,canned beer
2452,beef
2451,other vegetables
2447,soda
2447,other vegetables
2447,whole milk
2446,whipped/sour cream
2446,whole milk
2444,curd
2444,soda
2443,soda
2443,curd
2443,pasta
2443,whole milk
2440,jam
2440,meat
2440,whole milk
2440,brown bread
2439,whole milk
2439,brown bread
2439,salty snack
2436,whole milk
2436,other vegetables
2434,soda
2434,beef
2433,soda
2433,other vegetables
2433,brown bread
2433,whole milk
2433,vinegar
2433,white bread
2433,processed cheese
2433,beef
2432,whole milk
2432,brown bread
2432,condensed milk
2432,brandy
2428,soda
2428,whipped/sour cream
2428,other vegetables
2428,pasta
2428,whole milk
2427,whipped/sour cream
2427,other vegetables
2425,other vegetables
2423,roll products
2423,whole milk
2421,whole milk
2421,other vegetables
2420,soda
2420,frozen potato products
2415,curd
2415,turkey
2415,soda
2412,other vegetables
2412,soda
2408,other vegetables
2408,white bread
2408,brown bread
2408,curd
2408,ham
2406,curd
2406,whole milk
2406,meat
2406,whipped/sour cream
2406,canned beer
2406,other vegetables
2403,whole milk
2403,whipped/sour cream
2401,white bread
2401,other vegetables
2401,whole milk
2398,oil
2398,soda
2396,soda
2396,whole milk
2394,condensed milk
2394,canned beer
2394,curd
2394,whipped/sour cream
2394,nuts/prunes
2394,whole milk
2394,soda
2392,soda
2392,whole milk
2392,other vegetables
2391,whole milk
2391,whipped/sour cream
2391,other vegetables
2389,whole milk
2389,oil
2389,processed cheese
2389,butter milk
2389,turkey
2388,brown bread
2388,other vegetables
2388,salty snack
2387,herbs
2387,brown bread
2386,canned beer
2386,soda
2386,curd
2383,beef
2383,soda
2383,condensed milk
2381,whole milk
2381,soda
2381,processed cheese
2378,whipped/sour cream
2378,soda
2376,whipped/sour cream
2376,soda
2376,whole milk
2375,whole milk
2374,whole milk
2374,artif. sweetener
2374,ham
2374,canned beer
2374,brandy
2374,soda
2372,soda
2372,white bread
2372,whole milk
2372,other vegetables
2371,other vegetables
2371,nuts/prunes
2371,meat
2369,beef
2369,soda
2369,whipped/sour cream
2369,fish
2360,other vegetables
2360,canned beer
2359,soda
2359,whole milk
2359,other vegetables
2359,canned beer
2359,instant coffee
2357,soda
2357,whipped/sour cream
2357,curd
2357,baking powder
2356,canned beer
2356,butter milk
2356,beef
2356,whole milk
2347,canned beer
2347,soda
2345,whole milk
2345,other vegetables
2345,whipped/sour cream
2343,whipped/sour cream
2343,white bread
2343,salty snack
2343,soda
2343,canned beer
2343,whole milk
2339,baking powder
2339,brown bread
2339,ham
2339,whole milk
2338,whole milk
2338,curd
2338,other vegetables
2338,canned beer
2338,salty snack
2330,processed cheese
2330,whole milk
2329,whipped/sour cream
2328,beef
2328,brown bread
2328,other vegetables
2327,whipped/sour cream
2324,canned beer
2324,soda
2321,whipped/sour cream
2321,other vegetables
2321,whole milk
2319,meat
2319,baking powder
2319,beef
2319,whole milk
2318,other vegetables
2318,whipped/sour cream
2316,canned beer
2316,rice
2313,other vegetables
2311,oil
2311,other vegetables
2311,soda
2311,canned beer
2309,whole milk
2307,canned beer
2307,whole milk
2303,beef
2302,other vegetables
2302,whole milk
2299,turkey
2297,brown bread
2294,whole milk
2294,whipped/sour cream
2294,ham
2293,salty snack
2293,other vegetables
2293,cereals
2290,whole milk
2290,brown bread
2290,other vegetables
2290,condensed milk
2288,other vegetables
2288,brown bread
2288,whole milk
2288,herbs
2288,specialty bar
2285,canned beer
2283,white bread
2280,soda
2279,salty snack
2279,processed cheese
2279,soda
2279,curd
2276,soda
2276,whipped/sour cream
2274,curd
2274,other vegetables
2274,beef
2273,whipped/sour cream
2273,whole milk
2273,soda
2273,other vegetables
2272,salty snack
2272,whole milk
2266,brown bread
2266,other vegetables
2266,butter milk
2266,whipped/sour cream
2265,white bread
2265,whole milk
2265,whipped/sour cream
2265,other vegetables
2264,other vegetables
2264,canned beer
2257,whole milk
2257,soda
2257,pasta
2257,herbs
2256,female sanitary products
2256,beef
2256,whipped/sour cream
2256,curd
2251,whole milk
2251,condensed milk
2251,other vegetables
2247,canned beer
2247,specialty bar
2247,other vegetables
2246,beef
2246,soda
2242,whole milk
2238,whole milk
2238,curd
2235,ham
2235,processed cheese
2235,canned beer
2235,soda
2235,ketchup
2235,whole milk
2235,meat
2226,other vegetables
2226,whole milk
2226,curd
2225,brown bread
2225,whole milk
2222,whole milk
2222,other vegetables
2217,whipped/sour cream
2217,soda
2217,curd
2214,butter milk
2214,soda
2212,curd
2212,butter milk
2212,soda
2212,other vegetables
2210,curd
2210,rice
2210,whole milk
2210,beef
2210,specialty bar
2209,other vegetables
2209,whole milk
2202,turkey
2202,curd
2201,curd
2201,butter milk
2201,whole milk
2201,other vegetables
2200,white bread
2191,beef
2191,whole milk
2191,butter milk
2188,whole milk
2188,salty snack
2186,whipped/sour cream
2186,brown bread
2186,soda
2186,whole milk
2186,other vegetables
2186,canned beer
2184,other vegetables
2184,beef
2184,curd
2184,ham
2184,soda
2184,oil
2184,whole milk
2178,salty snack
2178,beef
2178,female sanitary products
2176,whipped/sour cream
2176,brown bread
2176,whole milk
2174,brown bread
2174,other vegetables
2174,cereals
2171,meat
2171,beef
2171,whole milk
2171,curd
2171,roll products
2169,meat
2169,salty snack
2169,rum
2169,whole milk
2167,soda
2167,whole milk
2160,butter milk
2160,white bread
2160,whole milk
2159,ham
2159,white bread
2159,female sanitary products
2152,other vegetables
2152,whipped/sour cream
2152,soda
2152,whole milk
2148,soda
2148,canned beer
2148,whole milk
2147,brown bread
2147,soda
2147,salty snack
2145,whole milk
2145,soda
2143,canned beer
2143,soda
2142,specialty bar
2142,curd
2141,whole milk
2140,other vegetables
2140,whole milk
2139,soda
2139,other vegetables
2139,butter milk
2139,instant coffee
2138,curd
2138,canned beer
2138,whole milk
2138,white bread
2138,brown bread
2138,soda
2135,salty snack
2135,whole milk
2135,instant coffee
2135,beef
2127,whole milk
2122,soda
2122,oil
2118,butter milk
2118,fish
2117,beef
2117,whipped/sour cream
2117,pasta
2117,brown bread
2112,whole milk
2112,soda
2110,soda
2110,whole milk
2108,whipped/sour cream
2107,other vegetables
2107,canned beer
2107,salty snack
2107,whole milk
2107,soda
2107,brown bread
2105,curd
2104,whole milk
2098,canned beer
2095,other vegetables
2095,whole milk
2093,oil
2093,frozen potato products
2093,whipped/sour cream
2093,other vegetables
2093,whole milk
2093,specialty bar
2092,salty snack
2092,brown bread
2092,pasta
2092,rum
2089,soda
2089,other vegetables
2089,whole milk
2089,pasta
2089,canned beer
2089,brown bread
2089,curd
2086,meat
2086,other vegetables
2086,whole milk
2086,soda
2083,brandy
2083,brown bread
2083,whole milk
2083,other vegetables
2082,brown bread
2082,other vegetables
2081,butter milk
2081,spices
2081,whole milk
2080,canned beer
2080,whole milk
2079,soda
2079,curd
2079,turkey
2079,whole milk
2079,other vegetables
2074,canned beer
2074,other vegetables
2074,oil
2073,herbs
2073,whole milk
2071,whole milk
2071,jam
2071,canned beer
2071,specialty bar
2071,beef
2070,spread cheese
2070,soda
2070,oil
2070,other vegetables
2066,pasta
2066,whole milk
2065,specialty bar
2065,soda
2065,white bread
2065,whipped/sour cream
2065,other vegetables
2063,herbs
2063,brandy
2063,other vegetables
2061,beef
2061,whole milk
2061,soda
2058,other vegetables
2058,soda
2055,other vegetables
2055,brown bread
2055,soda
2054,soda
2054,whole milk
2054,white bread
2054,roll products
2053,soda
2053,other vegetables
2053,cereals
2051,beef
2051,canned beer
2051,other vegetables
2051,whole milk
2051,cocoa drinks
2051,brown bread
2051,meat
2051,soda
2051,whipped/sour cream
2050,whipped/sour cream
2050,other vegetables
2049,other vegetables
2049,ham
2049,whole milk
2046,tea
2045,whole milk
2045,brandy
2045,other vegetables
2045,soda
2044,whole milk
2044,meat
2042,pasta
2042,curd
2042,other vegetables
2042,meat
2042,brown bread
2041,condensed milk
2041,soda
2038,whole milk
2038,beef
2038,soda
2037,beef
2037,curd
2036,soda
2036,whipped/sour cream
2036,whole milk
2034,butter milk
2034,meat
2031,artif. sweetener
2031,ham
2031,whole milk
2031,other vegetables
2030,soda
2030,salty snack
2026,other vegetables
2023,other vegetables
2023,spread cheese
2023,roll products
2022,other vegetables
2022,whole milk
2022,beef
2022,herbs
2021,meat
2021,whole milk
2015,rum
2015,soda
2014,whole milk
2014,other vegetables
2014,oil
2014,white bread
2014,brown bread
2013,other vegetables
2012,butter milk
2011,whipped/sour cream
2011,soda
2011,other vegetables
2009,soda
2004,other vegetables
2004,beef
2003,baking powder
2003,brown bread
2003,other vegetables
2002,meat
1997,soda
1997,white bread
1997,ham
1997,canned beer
1997,processed cheese
1997,brown bread
1993,curd
1992,white bread
1992,beef
1992,other vegetables
1991,soda
1991,specialty bar
1991,nuts/prunes
1991,other vegetables
1989,soda
1985,butter milk
1985,whole milk
1979,brown bread
1979,whole milk
1979,butter milk
1979,beef
1979,white bread
1979,salty snack
1979,herbs
1978,brown bread
1978,turkey
1978,beef
1977,beef
1977,canned beer
1977,whole milk
1976,other vegetables
1974,brown bread
1974,fish
1971,curd
1969,other vegetables
1969,jam
1967,whole milk
1967,other vegetables
1967,brown bread
1967,soda
1966,other vegetables
1966,whole milk
1966,vinegar
1966,white bread
1966,canned beer
1965,other vegetables
1962,other vegetables
1962,soda
1961,brown bread
1961,other vegetables
1958,whole milk
1958,artif. sweetener
1958,other vegetables
1954,whole milk
1954,canned beer
1954,processed cheese
1953,beef
1953,whole milk
1952,canned beer
1952,soda
1952,pasta
1951,curd
1951,herbs
1950,other vegetables
1950,whole milk
1949,whole milk
1949,soda
1949,ham
1949,canned beer
1948,whole milk
1948,other vegetables
1948,soda
1948,herbs
1948,baking powder
1944,whole milk
1944,whipped/sour cream
1941,whole milk
1941,other vegetables
1940,beef
1940,whole milk
1938,whole milk
1938,specialty bar
1938,soda
1937,canned beer
1937,spread cheese
1937,whipped/sour cream
1937,whole milk
1937,baking powder
1937,other vegetables
1937,specialty bar
1934,soda
1934,curd
1934,other vegetables
1934,whipped/sour cream
1931,other vegetables
1931,beef
1931,oil
1931,whole milk
1931,brown bread
1930,ham
1930,specialty bar
1930,soda
1929,other vegetables
1929,pasta
1929,soda
1929,curd
1927,oil
1925,brown bread
1921,whipped/sour cream
1921,turkey
1920,whole milk
1919,soda
1919,frozen potato products
1917,curd
1917,whole milk
1917,herbs
1916,whole milk
1916,curd
1913,curd
1913,whole milk
1913,whipped/sour cream
1908,canned beer
1908,whole milk
1908,beef
1908,female sanitary products
1908,oil
1908,soda
1905,soda
1905,ham
1905,other vegetables
1905,whole milk
1904,soda
1904,whole milk
1904,other vegetables
1903,ketchup
1903,whole milk
1903,canned beer
1903,other vegetables
1902,whipped/sour cream
1900,soda
1900,other vegetables
1900,vinegar
1899,butter milk
1899,soda
1899,other vegetables
1899,brown bread
1898,rum
1897,other vegetables
1897,brown bread
1896,brown bread
1896,beef
1896,soda
1893,salty snack
1893,beef
1891,white bread
1891,whole milk
1887,whipped/sour cream
1887,whole milk
1887,soda
1887,oil
1887,condensed milk
1885,butter milk
1885,soda
1885,other vegetables
1885,artif. sweetener
1885,specialty bar
1885,turkey
1884,frozen potato products
1884,other vegetables
1883,whole milk
1883,meat
1883,butter milk
1880,other vegetables
1880,soda
1879,whole milk
1879,other vegetables
1878,curd
1878,brown bread
1878,whole milk
1878,soda
1878,canned beer
1875,butter milk
1875,oil
1874,other vegetables
1874,baking powder
1872,whole milk
1872,other vegetables
1869,oil
1869,brown bread
1869,whole milk
1867,other vegetables
1865,brown bread
1865,other vegetables
1865,white bread
1865,oil
1865,ham
1865,butter milk
1863,butter milk
1863,rice
1862,beef
1862,soda
1862,oil
1862,pasta
1862,other vegetables
1861,other vegetables
1861,roll products
1858,butter milk
1855,salty snack
1855,whipped/sour cream
1855,other vegetables
1855,whole milk
1855,ham
1855,canned beer
1854,other vegetables
1850,condensed milk
1850,soda
1840,instant coffee
1840,brown bread
1837,meat
1837,roll products
1836,herbs
1836,oil
1836,whole milk
1835,jam
1835,rice
1832,whole milk
1832,whipped/sour cream
1832,spread cheese
1831,whole milk
1831,other vegetables
1828,soda
1828,herbs
1828,spread cheese
1828,brown bread
1828,canned beer
1827,curd
1827,soda
1827,meat
1827,whipped/sour cream
1827,whole milk
1827,specialty bar
1827,other vegetables
1827,condensed milk
1827,spread cheese
1826,soda
1825,baking powder
1825,soda
1825,oil
1825,salty snack
1825,other vegetables
1825,whole milk
1824,soda
1824,canned beer
1821,butter milk
1819,soda
1819,pasta
1817,whole milk
1817,beef
1817,canned beer
1817,whipped/sour cream
1815,other vegetables
1815,beef
1811,butter milk
1811,other vegetables
1811,canned beer
1810,curd
1810,other vegetables
1810,baking powder
1808,meat
1808,whole milk
1806,soda
1806,whipped/sour cream
1804,white bread
1804,beef
1804,whole milk
1796,spices
1796,whole milk
1796,other vegetables
1795,beef
1795,whole milk
1793,brown bread
1793,other vegetables
1793,canned beer
1793,beef
1792,beef
1792,processed cheese
1790,other vegetables
1784,curd
1784,ham
1784,other vegetables
1780,specialty bar
1780,whole milk
1780,oil
1780,curd
1780,other vegetables
1779,beef
1779,curd
1779,white bread
1779,whole milk
1776,whole milk
1776,canned beer
1776,fish
1773,whipped/sour cream
1773,whole milk
1770,specialty bar
1770,other vegetables
1770,whole milk
1769,whole milk
1767,meat
1767,other vegetables
1767,soda
1767,whole milk
1760,soda
1759,ham
1759,other vegetables
1759,oil
1759,whole milk
1759,brown bread
1756,whole milk
1756,soda
1756,other vegetables
1755,spread cheese
1755,soda
1755,whole milk
1754,whipped/sour cream
1754,canned beer
1754,other vegetables
1754,curd
1753,whole milk
1753,other vegetables
1753,butter milk
1752,canned beer
1752,other vegetables
1752,butter milk
1751,oil
1751,whipped/sour cream
1751,whole milk
1751,herbs
1750,whole milk
1750,soda
1750,beef
1750,baking powder
1744,canned beer
1744,soda
1740,canned beer
1740,specialty bar
1740,soda
1740,whipped/sour cream
1740,white bread
1740,ham
1740,whole milk
1739,soda
1731,other vegetables
1731,whole milk
1731,processed cheese
1730,other vegetables
1730,whole milk
1729,whipped/sour cream
1729,other vegetables
1729,beef
1729,whole milk
1729,meat
1728,rum
1728,processed cheese
1728,soda
1725,curd
1723,whipped/sour cream
1719,curd
1719,nuts/prunes
1719,whole milk
1719,other vegetables
1719,canned beer
1719,soda
1719,brown bread
1718,salty snack
1717,other vegetables
1712,spread cheese
1712,rice
1711,soda
1711,whole milk
1711,herbs
1711,oil
1711,white bread
1710,brown bread
1709,white bread
1708,canned beer
1708,whole milk
1708,meat
1708,turkey
1708,spread cheese
1708,other vegetables
1708,oil
1707,whipped/sour cream
1707,brown bread
1706,canned beer
1706,brandy
1706,soda
1700,other vegetables
1697,other vegetables
1697,condensed milk
1697,soda
1696,whole milk
1692,whole milk
1692,soda
1692,other vegetables
1692,canned beer
1692,oil
1690,brown bread
1690,whipped/sour cream
1690,curd
1690,soda
1687,other vegetables
1687,curd
1687,specialty bar
1685,soda
1685,other vegetables
1685,whole milk
1682,other vegetables
1682,whipped/sour cream
1682,canned beer
1682,soda
1680,specialty bar
1680,soda
1679,other vegetables
1679,brown bread
1679,whipped/sour cream
1679,whole milk
1679,salty snack
1676,other vegetables
1676,soda
1676,whole milk
1674,soda
1672,brandy
1672,whole milk
1672,white bread
1667,beef
1665,canned beer
1665,other vegetables
1665,soda
1665,whole milk
1664,soda
1664,whole milk
1664,curd
1660,other vegetables
1660,beef
1657,frozen potato products
1657,whole milk
1657,other vegetables
1656,ham
1656,whole milk
1656,white bread
1653,butter milk
1653,herbs
1653,whole milk
1651,beef
1651,tea
1651,whole milk
1651,soda
1651,other vegetables
1650,pasta
1646,whole milk
1646,ham
1646,butter milk
1646,soda
1646,white bread
1644,brown bread
1644,salty snack
1643,whole milk
1643,soda
1641,white bread
1641,other vegetables
1641,canned beer
1641,whipped/sour cream
1636,other vegetables
1636,white bread
1636,whole milk
1635,whole milk
1635,white bread
1634,whole milk
1634,brown bread
1634,herbs
1634,soda
1634,butter milk
1634,other vegetables
1634,curd
1633,condensed milk
1633,whole milk
1632,soda
1632,whole milk
1632,brown bread
1632,white bread
1629,whole milk
1629,ham
1627,other vegetables
1627,canned beer
1622,salty snack
1622,canned beer
1622,whole milk
1622,meat
1622,soda
1621,butter milk
1621,ham
1621,other vegetables
1621,soda
1621,beef
1619,jam
1619,whole milk
1619,beef
1619,whipped/sour cream
1616,whole milk
1616,ham
1613,turkey
1613,whole milk
1613,whipped/sour cream
1613,soda
1613,other vegetables
1612,whole milk
1612,soda
1612,canned beer
1612,oil
1611,other vegetables
1610,oil
1609,soda
1609,other vegetables
1609,whole milk
1608,whole milk
1608,canned beer
1605,whole milk
1605,canned beer
1605,other vegetables
1605,soda
1601,beef
1601,whole milk
1601,soda
1598,soda
1598,white bread
1597,oil
1597,other vegetables
1597,whole milk
1596,whole milk
1596,other vegetables
1594,brown bread
1594,specialty bar
1588,jam
1588,processed cheese
1586,soda
1585,whole milk
1585,other vegetables
1585,soda
1584,curd
1584,soda
1584,whole milk
1582,curd
1581,meat
1580,canned beer
1580,salty snack
1580,other vegetables
1580,whole milk
1579,canned beer
1579,specialty bar
1578,whole milk
1575,whole milk
1575,white bread
1574,other vegetables
1574,roll products
1574,whipped/sour cream
1574,brown bread
1574,whole milk
1574,soda
1574,white bread
1571,whole milk
1569,other vegetables
1569,white bread
1567,whole milk
1567,ham
1567,whipped/sour cream
1566,whole milk
1566,other vegetables
1566,ketchup
1566,curd
1566,soda
1565,condensed milk
1565,tea
1565,canned beer
1565,meat
1565,other vegetables
1565,whole milk
1565,oil
1562,beef
1562,soda
1561,canned beer
1561,whole milk
1561,white bread
1560,white bread
1560,salty snack
1559,other vegetables
1559,brown bread
1559,beef
1558,other vegetables
1557,beef
1554,meat
1554,curd
1554,soda
1554,brown bread
1554,beef
1554,vinegar
1548,condensed milk
1548,other vegetables
1547,whole milk
1547,soda
1542,whole milk
1542,curd
1539,whipped/sour cream
1528,curd
1528,whole milk
1527,soda
1527,other vegetables
1527,whole milk
1527,spices
1525,ham
1524,brown bread
1524,whipped/sour cream
1524,soda
1520,beef
1520,baking powder
1520,other vegetables
1518,other vegetables
1518,ketchup
1516,brown bread
1516,oil
1514,whipped/sour cream
1514,whole milk
1514,pasta
1508,brown bread
1508,canned beer
1505,beef
1505,other vegetables
1505,canned beer
1504,curd
1504,whole milk
1503,whipped/sour cream
1503,meat
1503,whole milk
1502,other vegetables
1502,butter milk
1502,canned beer
1501,whole milk
1501,curd
1501,baking powder
1500,specialty bar
1500,pasta
1500,whole milk
1500,soda
1499,spread cheese
1499,soda
1499,whole milk
1497,butter milk
1497,tea
1495,other vegetables
1495,whipped/sour cream
1495,meat
1495,specialty bar
1493,oil
1493,whole milk
1493,processed cheese
1493,whipped/sour cream
1493,spices
1491,other vegetables
1488,white bread
1488,meat
1488,curd
1488,beef
1486,spices
1486,soda
1486,other vegetables
1486,oil
1486,beef
1485,beef
1485,other vegetables
1485,soda
1484,beef
1484,whole milk
1484,soda
1482,brown bread
1482,whole milk
1482,soda
1480,beef
1480,soda
1479,whole milk
1479,brown bread
1479,other vegetables
1479,soda
1477,other vegetables
1477,meat
1475,canned beer
1475,frozen potato products
1475,pasta
1474,whole milk
1474,meat
1474,white bread
1473,whole milk
1473,pasta
1473,whipped/sour cream
1473,soda
1472,whole milk
1472,other vegetables
1472,curd
1472,specialty bar
1464,soda
1464,other vegetables
1463,other vegetables
1463,specialty bar
1460,whipped/sour cream
1460,other vegetables
1460,ham
1459,curd
1459,whole milk
1458,specialty bar
1458,canned beer
1456,whole milk
1456,whipped/sour cream
1454,white bread
1454,meat
1454,brown bread
1454,beef
1452,rice
1452,other vegetables
1452,curd
1452,soda
1452,ham
1452,whole milk
1450,other vegetables
1450,canned beer
1450,specialty bar
1450,soda
1450,instant coffee
1449,other vegetables
1449,ham
1449,soda
1449,whole milk
1445,other vegetables
1440,whole milk
1440,other vegetables
1439,whole milk
1435,canned beer
1435,soda
1435,baking powder
1435,whipped/sour cream
1435,ham
1435,beef
1435,salty snack
1432,other vegetables
1432,specialty bar
1431,whipped/sour cream
1431,other vegetables
1431,specialty bar
1431,whole milk
1430,canned beer
1430,other vegetables
1430,soda
1430,beef
1428,soda
1428,whole milk
1428,other vegetables
1423,pasta
1418,soda
1418,curd
1416,canned beer
1416,other vegetables
1416,oil
1413,ham
1413,soda
1413,canned beer
1410,whipped/sour cream
1410,salty snack
1410,rum
1410,condensed milk
1410,other vegetables
1410,soda
1410,white bread
1408,whole milk
1408,soda
1407,ham
1407,beef
1407,pasta
1407,whole milk
1407,white bread
1406,curd
1406,whipped/sour cream
1405,artif. sweetener
1405,whole milk
1405,other vegetables
1405,ham
1403,other vegetables
1403,whipped/sour cream
1403,salty snack
1403,curd
1402,brown bread
1399,rice
1399,other vegetables
1399,condensed milk
1397,whipped/sour cream
1395,whole milk
1395,canned beer
1395,soda
1395,meat
1395,salty snack
1395,other vegetables
1395,brown bread
1395,curd
1394,ham
1394,whole milk
1392,other vegetables
1392,specialty bar
1392,curd
1386,soda
1385,curd
1385,other vegetables
1385,whipped/sour cream
1385,beef
1385,turkey
1385,whole milk
1385,herbs
1384,other vegetables
1384,instant coffee
1384,canned beer
1384,soda
1381,soda
1381,other vegetables
1381,salty snack
1381,curd
1380,whole milk
1380,soda
1379,white bread
1379,butter milk
1379,whole milk
1379,herbs
1379,oil
1379,canned beer
1379,female sanitary products
1379,other vegetables
1379,meat
1376,soda
1375,other vegetables
1373,curd
1373,whole milk
1373,canned beer
1373,butter milk
1373,soda
1373,tea
1373,brown bread
1372,white bread
1372,soda
1372,whole milk
1371,beef
1371,whipped/sour cream
1369,white bread
1369,spread cheese
1369,whole milk
1369,other vegetables
1368,beef
1367,beef
1367,whole milk
1367,other vegetables
1365,other vegetables
1365,butter milk
1365,whole milk
1365,specialty bar
1361,salty snack
1361,beef
1361,whole milk
1361,soda
1361,other vegetables
1360,curd
1360,soda
1360,ham
1360,white bread
1360,turkey
1360,processed cheese
1360,whole milk
1360,ketchup
1358,whole milk
1358,whipped/sour cream
1358,vinegar
1354,soda
1354,canned beer
1354,whole milk
1351,other vegetables
1351,meat
1349,canned beer
1349,whole milk
1349,curd
1347,whole milk
1347,soda
1347,beef
1347,ketchup
1347,other vegetables
1346,other vegetables
1343,other vegetables
1343,white bread
1343,whole milk
1340,whipped/sour cream
1340,whole milk
1340,brown bread
1339,other vegetables
1339,vinegar
1339,whole milk
1338,canned beer
1338,curd
1338,meat
1338,whole milk
1337,other vegetables
1335,whipped/sour cream
1335,spread cheese
1335,oil
1329,canned beer
1329,ham
1329,whipped/sour cream
1325,soda
1324,curd
1324,specialty bar
1324,condensed milk
1324,processed cheese
1324,whole milk
1323,beef
1323,whole milk
1319,soda
1319,rice
1319,canned beer
1318,specialty bar
1316,whipped/sour cream
1316,curd
1315,ham
1311,canned beer
1311,other vegetables
1310,salty snack
1309,whipped/sour cream
1309,curd
1309,cocoa drinks
1308,whole milk
1308,brown bread
1306,whole milk
1305,other vegetables
1305,whole milk
1305,spread cheese
1304,whipped/sour cream
1304,whole milk
1304,other vegetables
1303,pasta
1303,whole milk
1303,canned beer
1301,whipped/sour cream
1301,roll products
1301,soda
1297,herbs
1296,other vegetables
1296,meat
1296,rice
1296,jam
1291,whole milk
1290,other vegetables
1290,rice
1290,whole milk
1290,whipped/sour cream
1289,spread cheese
1289,salty snack
1289,other vegetables
1289,canned beer
1289,herbs
1289,brown bread
1287,other vegetables
1287,whole milk
1287,whipped/sour cream
1286,whole milk
1286,herbs
1286,meat
1286,soda
1284,salty snack
1283,specialty bar
1283,whole milk
1283,whipped/sour cream
1278,canned beer
1278,other vegetables
1278,meat
1277,white bread
1277,other vegetables
1277,whole milk
1277,brown bread
1277,whipped/sour cream
1275,other vegetables
1275,curd
1275,whole milk
1275,butter milk
1275,frozen potato products
1275,white bread
1274,other vegetables
1272,specialty bar
1270,cereals
1269,butter milk
1269,other vegetables
1269,whole milk
1267,whole milk
1266,other vegetables
1264,specialty bar
1264,other vegetables
1264,white bread
1264,soda
1264,curd
1261,whole milk
1260,curd
1256,herbs
1256,tea
1256,other vegetables
1256,oil
1252,turkey
1252,other vegetables
1252,whole milk
1252,soda
1240,other vegetables
1240,soda
1240,oil
1240,baking powder
1240,whole milk
1235,condensed milk
1235,spread cheese
1235,processed cheese
1235,curd
1235,roll products
1235,other vegetables
1235,soda
1235,canned beer
1234,salty snack
1234,curd
1233,whipped/sour cream
1233,other vegetables
1233,soda
1233,salty snack
1233,curd
1233,butter milk
1233,whole milk
1233,canned beer
1231,soda
1231,whipped/sour cream
1230,ham
1230,soda
1230,whole milk
1230,canned beer
1230,other vegetables
1230,butter milk
1229,beef
1229,whipped/sour cream
1229,ham
1229,frozen potato products
1229,brown bread
1229,white bread
1227,whipped/sour cream
1225,jam
1225,white bread
1225,whole milk
1225,brown bread
1225,other vegetables
1225,soda
1225,butter milk
1225,curd
1223,ham
1223,rum
1222,canned beer
1222,condensed milk
1219,brown bread
1219,canned beer
1219,instant coffee
1214,meat
1208,butter milk
1208,beef
1204,whole milk
1204,soda
1201,whole milk
1199,whole milk
1199,white bread
1199,salty snack
1198,other vegetables
1197,whipped/sour cream
1197,whole milk
1197,beef
1197,brown bread
1195,whole milk
1194,soda
1194,whole milk
1193,soda
1192,brown bread
1191,white bread
1191,other vegetables
1185,beef
1185,whole milk
1185,canned beer
1185,specialty bar
1184,beef
1184,whole milk
1183,canned beer
1183,other vegetables
1183,ham
1183,brown bread
1183,spread cheese
1181,whole milk
1181,oil
1181,white bread
1177,brown bread
1177,canned beer
1175,oil
1175,soda
1175,beef
1175,pasta
1175,brown bread
1175,whole milk
1175,other vegetables
1170,whipped/sour cream
1170,whole milk
1170,turkey
1170,soda
1170,canned beer
1169,other vegetables
1169,soda
1169,whole milk
1169,white bread
1169,whipped/sour cream
1168,herbs
1168,whole milk
1166,brown bread
1164,whole milk
1164,other vegetables
1163,white bread
1163,beef
1163,whole milk
1162,canned beer
1162,white bread
1162,salty snack
1161,other vegetables
1161,spread cheese
1161,whole milk
1161,beef
1158,other vegetables
1158,whole milk
1156,other vegetables
1155,brandy
1155,whole milk
1154,canned beer
1154,other vegetables
1154,whole milk
1154,female sanitary products
1153,whole milk
1153,canned beer
1152,soda
1152,whole milk
1151,curd
1150,canned beer
1150,other vegetables
1149,soda
1148,white bread
1148,other vegetables
1148,soda
1148,baking powder
1148,whole milk
1144,canned beer
1144,whole milk
1144,fish
1144,white bread
1144,whipped/sour cream
1144,soda
1144,meat
1141,white bread
1141,whole milk
1141,soda
1135,whole milk
1135,other vegetables
1135,soda
1134,other vegetables
1134,oil
1134,brown bread
1132,soda
1132,salty snack
1132,whole milk
1132,other vegetables
1129,brown bread
1129,baking powder
1129,tea
1129,whole milk
1127,roll products
1127,soda
1127,other vegetables
1126,whole milk
1126,whipped/sour cream
1123,oil
1123,soda
1123,whole milk
1120,brown bread
1120,white bread
1120,condensed milk
1120,specialty bar
1120,rice
1120,meat
1120,other vegetables
1120,soda
1117,whole milk
1117,meat
1117,whipped/sour cream
1116,soda
1116,other vegetables
1116,butter milk
1116,brown bread
1116,white bread
1114,salty snack
1114,white bread
1114,brown bread
1112,jam
1107,spread cheese
1107,whole milk
1107,beef
1105,white bread
1105,whole milk
1105,other vegetables
1104,other vegetables
1104,whole milk
1104,herbs
1101,other vegetables
1101,whole milk
1101,processed cheese
1101,brown bread
1101,whipped/sour cream
1099,instant coffee
1099,spread cheese
1099,brown bread
1094,other vegetables
1094,pasta
1094,soda
1094,brown bread
1094,whole milk
1094,salty snack
1092,salty snack
1092,other vegetables
1092,soda
1092,specialty bar
1088,whole milk
1088,meat
1088,baking powder
1088,other vegetables
1085,other vegetables
1085,soda
1084,other vegetables
1076,whole milk
1076,brown bread
1076,ham
1073,curd
1073,brown bread
1072,other vegetables
1072,canned beer
1072,ham
1068,soda
1068,spread cheese
1064,whole milk
1064,other vegetables
1063,whole milk
1062,ketchup
1062,other vegetables
1062,white bread
1062,whole milk
1062,ham
1062,whipped/sour cream
1059,salty snack
1059,spread cheese
1058,other vegetables
1057,soda
1057,salty snack
1056,other vegetables
1056,ham
1056,whole milk
1056,whipped/sour cream
1055,soda
1053,soda
1053,whole milk
1053,other vegetables
1052,whipped/sour cream
1052,beef
1052,other vegetables
1052,soda
1052,whole milk
1052,butter milk
1051,fish
1051,other vegetables
1051,soda
1051,female sanitary products
1050,pasta
1050,whole milk
1050,whipped/sour cream
1050,other vegetables
1050,meat
1049,white bread
1049,whole milk
1049,herbs
1049,specialty bar
1048,soda
1048,condensed milk
1048,whole milk
1046,whole milk
1044,other vegetables
1044,curd
1043,whole milk
1041,brown bread
1041,whole milk
1039,salty snack
1038,whole milk
1038,whipped/sour cream
1038,herbs
1038,other vegetables
1037,white bread
1037,canned beer
1035,whole milk
1035,white bread
1032,whipped/sour cream
1032,white bread
1032,soda
1032,other vegetables
1032,whole milk
1031,other vegetables
1029,ham
1024,fish
1024,other vegetables
1021,curd
1021,baking powder
1020,canned beer
1020,spices
1018,curd
1018,butter milk
1017,brown bread
1017,other vegetables
1017,soda
1017,beef
1016,oil
1015,beef
1015,whole milk
1015,salty snack
1013,white bread
1013,whole milk
1013,other vegetables
1013,whipped/sour cream
1013,meat
1013,roll products
1010,specialty bar
1009,herbs
1009,ketchup
1009,cocoa drinks
1008,soda
1006,whole milk
1006,rice
1005,whipped/sour cream
1004,other vegetables
1004,whole milk
1004,canned beer
1001,whipped/sour cream
1001,soda
1001,whole milk
1001,beef
1001,white bread
1001,curd
1000,canned beer
1000,whole milk
1000,salty snack
1000,soda
